2026-03-16;15:23:36;;;max+1@test.com;
2026-03-17;09:48:39;;;mg@icoda.io;
2026-03-17;09:49:06;;;glamaxi@mail.ru;
2026-03-17;09:50:11;;;mg@icoda.io;
2026-03-17;09:50:20;;;mg@icoda.io;
2026-03-17;10:05:48;;;glamaxi@mail.ru;
2026-03-17;11:34:56;;;glamaxi@mail.ru;
2026-03-20;05:44:26;;;mg@icoda.io;
2026-03-20;11:03:16;;;mg@icoda.io;
2026-03-20;11:07:47;;;glamaxi@mail.ru;
2026-03-20;11:19:31;;;glamaxi@mail.ru;
2026-03-20;11:51:06;;;glamaxi@mail.ru;
2026-03-20;11:59:04;;;glamaxi@mail.ru;
2026-03-20;12:07:32;;;glamaxi@mail.ru;
2026-03-20;13:25:30;;;mak@icoda.io;
2026-03-20;13:30:00;;;mak@icoda.io;
2026-03-20;13:54:48;;;max_dev@test.com;
2026-03-20;13:56:25;;;max_dev+1@test.com;
2026-03-20;13:57:54;;;max_dev+2@test.com;
2026-03-20;14:07:55;;;max_dev+3@test.com;
2026-03-20;14:13:18;;;sha@icoda.io;
2026-03-20;18:42:02;afafddsdfd@gmial.com
2026-03-22;13:02:45;testes2@gmail.com
2026-03-22;13:09:43;testes@gmail.com
2026-03-22;13:21:53;testes3@gmail.com
2026-03-22;13:33:01;testes3@gmail.com
2026-03-22;13:39:47;test4@gmail.com
2026-03-22;13:40:46;test5@gmail.com
2026-03-22;13:42:49;test6@gmail.com
2026-03-22;13:43:20;test7@gmail.com
2026-03-22;13:44:59;test8@gmail.com
2026-03-22;13:48:34;test8@gmail.com
2026-03-22;13:49:17;test9@gmail.com
2026-03-22;14:56:02;test9@gmail.com
2026-03-22;14:57:10;testes3@gmail.com
2026-03-22;14:58:15;testes2@gmail.com
2026-03-22;14:59:34;testes2@gmail.com
2026-03-22;15:00:44;testes2@gmail.com
2026-03-22;15:01:00;testes3@gmail.com
2026-03-22;15:10:58;testes2@gmail.com
2026-03-22;15:11:51;testes2@gmail.com
2026-03-22;16:03:10;testes3@gmail.com
2026-03-22;16:07:46;testes2@gmail.com
